id,username
1,Kurtis83
2,Quentin23
3,Vicenta.Barton47
4,Jammie.Streich97
5,Salvador.Breitenberg
6,Darby_Cormier60
7,Hershel_Beer16
8,Arlie.Purdy
9,Valentina32
10,Kathryn74
11,Manuel67
12,Lowell.Braun
13,Chanelle22
14,Isidro77
15,Hazel_Kassulke72
16,Jerrold_Adams-Boehm8
17,Mckayla_Heller43
18,Annabel_Goyette61
19,Reagan.Lehner
20,Grady.Schamberger
21,Silas28
22,Ferne_Smitham
23,Violette39
24,Bridgette84
25,Kamren.Smitham58
26,Kara_Jerde
27,Willard_Bayer-Bechtelar49
28,Brant_Emmerich
29,Ora_Feeney
30,Patsy_Jenkins
31,Alexandro80
32,Allen8
33,Else_Kihn33
34,Tito_Rowe
35,Reymundo_Schaefer
36,Kayleigh.Dicki
37,Sierra.Bergstrom
38,Nasir.McClure17
39,Susan.Ortiz48
40,Nestor88
41,Vern.Brown
42,Clovis4
43,Minnie.Oberbrunner98
44,Maud56
45,Garnett45
46,Muhammad.Smitham-Stehr65
47,Valentin27
48,Anastacio60
49,Mathilde67
50,Myrtis_Grant17
51,Fred21
52,Madyson_Hodkiewicz
53,Lizeth_DuBuque
54,Hilda.Gerhold11
55,Billy16
56,Gwen_OHara-Hagenes
57,Sid.Witting
58,Samir_Yost70
59,Rolando_Champlin
60,Eleanore_Kutch72
61,Penelope_Mohr21
62,Ada74
63,Hailey97
64,Beth_Weber38
65,Jesse60
66,Brendon.Ritchie
67,Bennett13
68,Roslyn_Davis
69,Eula13
70,Aliya_Walker3
71,Austyn.Langosh13
72,Emily.Schoen30
73,Freddie70
74,Lina_Koelpin
75,Stan_Hirthe
76,Kasey62
77,Timothy.Wiza
78,Lizzie.Johnston89
79,Eldora1
80,Peter.Haley31
81,Dagmar.McKenzie
82,Paxton54
83,Lawrence.Schuppe38
84,Nathanial.Kling
85,Jesus73
86,Brenda62
87,Ludie45
88,Gavin_Adams
89,Derrick_Lebsack71
90,Jules.Wisoky10
91,Ezekiel36
92,Forrest_Beahan
93,Eino_Harris
94,Lance.Cremin36
95,Ludwig.Paucek
96,Jacinto.Smitham92
97,Maximus.Vandervort
98,Sabryna.Tromp-Rosenbaum22
99,Randi.Anderson42
100,Tristin.Hartmann
101,Name8
102,Giles.Powlowski
103,Gino19
104,Jerry.Morar30
105,Katelynn81
106,Lamont.Hermann-Buckridge94
107,Evans_Kshlerin-Zulauf
108,Kareem_Reichert
109,Jacky84
110,Lou.Mann
111,Jerrod36
112,Destinee98
113,Theodore8
114,Victor_Hilpert73
115,Salvador_Mante88
116,Jamison12
117,Kacie.Kozey
118,King29
119,Eusebio_Upton
120,Amparo_Erdman
121,Caroline.DAmore
122,Lorena_Moen
123,Wilfredo.Beer
124,Jaleel_Grady
125,Zachery_Rodriguez
126,Hazle52
127,Justen1
128,Antonia.Nitzsche13
129,Bernadette75
130,Demario87
131,Darrick.White62
132,Lukas5
133,Amaya.Kiehn
134,Ibrahim_Mraz
135,Marcelo97
136,Tracey.Blick48
137,Aniyah5
138,Kristina59
139,Torrance12
140,Anibal_Maggio
141,Ciara47
142,Johnson66
143,Melvin.Sipes58
144,Reginald_Konopelski
145,Barney_Greenholt89
146,Nasir.Tromp
147,Chaim24
148,Flavie_Erdman
149,Stevie.Wiza
150,Ashton90
151,Micaela.Simonis34
152,Ayla_Satterfield31
153,Gracie73
154,Grayce.Haley
155,Bradly78
156,Augusta_Feest2
157,Loyce_Champlin29
158,Bethany_Fay
159,Kurtis15
160,Marquis_Franecki62
161,Arnoldo_Streich
162,Nedra_Herman
163,Geovanny.Bayer-Schmitt
164,Frankie_Purdy
165,Vergie_Dooley
166,Lindsey88
167,Conrad12
168,Shayna.Walsh32
169,Berta.Lesch
170,Elody.Price97
171,Kennedi.Kuhic
172,Jovany.Feeney
173,Douglas_Reilly
174,Lydia_Denesik30
175,Favian_Mayert
176,Linnea.Bednar
177,Abdiel57
178,Finn.White51
179,Amelia.Jacobs46
180,Guy.Mayert
181,Julius22
182,Merritt.Bartoletti
183,Nyah_Bradtke30
184,Shawn_Barrows
185,Declan20
186,Alexys22
187,Danial_VonRueden30
188,Krystina_Rath15
189,Johathan_Wiegand
190,Adrienne_OReilly
191,Brady99
192,Laurence.Block17
193,Vince.Powlowski
194,Andreanne.Breitenberg99
195,Sofia.Smith
196,Carmela33
197,Kendall.Raynor
198,Randal_Stroman40
199,Tabitha.Miller77
200,Patrick61
201,Raheem_Blick
202,Adan.Farrell
203,King10
204,Sibyl_Crist
205,Amanda34
206,Jerrell_Yost-Nikolaus
207,Syble30
208,Gabrielle.Dare4
209,Dexter.Lowe
210,Delmer.Rodriguez2
211,Jailyn_Legros32
212,Sharon_Satterfield98
213,Corene.Thiel
214,Heaven49
215,Christ_Ebert91
216,Julia_Koss
217,Mayra13
218,Jedediah.Maggio59
219,Shanie22
220,Braden.DAmore12
221,Felicia82
222,Tanya15
223,Madalyn.Smith0
224,Devonte_Beer69
225,Rubie.Balistreri97
226,Juana.Stehr21
227,Katherine24
228,Estevan.Lockman
229,Belle.Terry
230,Nathen_Donnelly79
231,Cierra96
232,Leola_Daniel54
233,Magdalena.Skiles
234,Irwin69
235,Telly.Zboncak22
236,Whitney_Gleason87
237,Jarret22
238,Dasia_Schneider38
239,Kattie70
240,Leonie_Stanton
241,Fritz_Kshlerin48
242,Addison_Ward57
243,Marge_Homenick
244,Jared_Schulist97
245,Remington.Koch
246,Nayeli59
247,Janis_Conroy93
248,Edwardo_Wiegand
249,Glenda.Williamson-Cruickshank
250,Nicklaus.Schumm72
251,Alexys16
252,Jaquan_Lang
253,Aaliyah.Gottlieb24
254,Benedict63
255,Celestine.Boyer
256,Jordi_Nader43
257,Ora_Halvorson
258,Vada_Kub23
259,Brady_Paucek
260,Dashawn54
261,Beverly_Marvin63
262,Abelardo.Baumbach
263,Nora.Huels
264,Earlene.Metz19
265,Charlotte_Koch10
266,Denis_Cummerata25
267,Dorothea60
268,Fae_Macejkovic33
269,Rick.Blanda31
270,Saul87
271,Niko87
272,Lauryn56
273,Rosalyn_OConner
274,Torrey.Simonis
275,Earnestine_Parisian-Jaskolski
276,Zack.Schaden
277,Braulio16
278,Lyda_Hilpert
279,Stephon_Roob72
280,Sadie.Beatty
281,Geovanni.Luettgen
282,Deanna_Price
283,Sebastian.Pfeffer
284,Jaiden97
285,Lelia_Bayer89
286,Lillie.Gutmann
287,Keegan57
288,Golden20
289,Diego.Murazik
290,Manley_Auer-Schinner0
291,Mark_Watsica
292,Vicente55
293,Gabriel70
294,Erika51
295,Lela_Schaden
296,Junius_Kohler
297,Kenyatta.Trantow
298,Jazmin.Cassin-Hartmann16
299,Jeremy_Waters-Bode
300,May.Mante
301,Mafalda_Dibbert64
302,Cary44
303,Gunnar26
304,Meredith85
305,Roman_Heathcote76
306,Rossie.Schulist31
307,Aliza_Miller65
308,Kathlyn_Hyatt
309,Karley_MacGyver60
310,Vidal_Price
311,Bryon.Smitham15
312,Lenny.Krajcik
313,Vita44
314,Cesar.OConnell
315,Meggie56
316,Glenna12
317,Emely57
318,Misty.Murphy
319,Esther5
320,Isabell_Braun
321,Sonny_Borer
322,Gonzalo.Tillman
323,Zander23
324,Elvie.Konopelski
325,Danial27
326,Stan.Rippin
327,Aliya_Monahan57
328,Jeanne17
329,Ebony26
330,Corine_Bruen81
331,Delmer45
332,Malachi53
333,Coralie_Collier
334,Emmett16
335,Lia_Abbott
336,Timothy.Wolf20
337,Lexi_Schuster-Dietrich91
338,Mike_Rohan
339,Stanford_Schinner96
340,Orin55
341,Trey_Hand25
342,Ashtyn_Senger
343,Joesph.Bernier97
344,Justice1
345,Jeff11
346,Julien.Schuppe23
347,Weston50
348,Olaf_Feest
349,Ed_Schamberger
350,Chase.Effertz89
351,Luisa.Nader94
352,Rafael_Breitenberg30
353,Lucy_Feil
354,Horace_Wunsch
355,Matt.Kuvalis
356,Clair.Lakin61
357,Elvis.Hickle70
358,Cordelia_Harris38
359,Andre.Terry12
360,Brittany.Schroeder14
361,Autumn_Pagac62
362,Nakia_Mueller72
363,Tania89
364,Freda.Towne64
365,Christop.Weimann1
366,Pinkie_Schneider90
367,Darryl11
368,Madison_Hilpert
369,Betsy35
370,Lloyd_Keebler
371,Travis6
372,Carlee.Huel
373,Torrey85
374,Solon55
375,Desiree_Hagenes
376,Polly86
377,Camren38
378,Rosetta_Franecki25
379,Abigale23
380,Michael.Schaefer
381,Lilian25
382,Breanne_Bernier68
383,Bill.Friesen
384,Lyla_Hagenes-Terry61
385,Bart.Goodwin
386,Wilber_Krajcik62
387,Sofia.Stracke63
388,Jolie14
389,Mayra80
390,Melvin.Botsford
391,Shanelle9
392,Jerel_Gusikowski76
393,Alize81
394,Era_Powlowski
395,Leila.Murphy
396,Hillard.Jenkins83
397,Matilda.Davis62
398,Rosella35
399,Jody34
400,Tiffany_Schowalter
401,Virginie.Weimann0
402,Vella13
403,Jacky_Kemmer32
404,Retha28
405,Cassidy_Lesch
406,Brook.OConner34
407,Lucy_Sauer
408,Stacey_Reichel38
409,Sydni.Braun
410,Santina30
411,Aimee38
412,Nicholaus.Block
413,Elisha_Feil3
414,Aisha.Schinner74
415,Hilario.Moore
416,Ulices64
417,Americo33
418,Theodora.Schowalter4
419,Imogene91
420,Jaleel_Leannon20
421,Andreane88
422,Marvin_Koepp97
423,Felipa20
424,Horacio_Lubowitz24
425,Golden_Witting89
426,Lew58
427,Elda42
428,Florine68
429,Francesca91
430,Augustus91
431,Merle_Ondricka28
432,Quinn.Wilderman
433,Cleo_Gislason70
434,Pearlie31
435,Orin_Kilback
436,Gardner94
437,Vaughn_Jacobson
438,Justina.Sawayn99
439,Jakob.Jacobs49
440,Bailee94
441,Camilla_Bednar2
442,Taya_Roob48
443,Ed_Cummings
444,Eldora.Schneider72
445,Aidan.Huels24
446,Dorris84
447,Benedict51
448,Viola53
449,Otho93
450,Georgianna_Green73
451,Victor_Kling-Keeling
452,Stefan.Homenick56
453,Cydney.OHara30
454,Erick79
455,Jennie_Kuhn
456,Sonya96
457,Albertha_Hayes27
458,Khalil_Runolfsdottir
459,Lauriane40
460,Rosella.Lehner51
461,Syble84
462,Evie.Friesen38
463,Giuseppe53
464,Lamont_Bartoletti
465,Nicholas.Monahan50
466,Zakary65
467,Wendell_Adams64
468,Melany.Tillman22
469,Oliver_Skiles
470,Hillary23
471,Ayana44
472,Hassan8
473,Gavin.Nicolas36
474,Orville.Walker
475,Mack_Dickens27
476,Ignacio17
477,Stella99
478,Gayle56
479,Violet_Simonis
480,Miles.Moore
481,Eulah.Altenwerth
482,Berenice_Dickens
483,Merle8
484,Jakob.Barton
485,Eladio_Erdman
486,Jeremie_Roob25
487,Mitchel_Wisoky28
488,Rhea3
489,Alvena.Swaniawski
490,Americo_Upton
491,Nakia_Abshire
492,Trey.Powlowski21
493,Danielle_Schuster68
494,Mireille_Turcotte
495,Luella_Little
496,Keith68
497,Magnus61
498,Dashawn33
499,Julius_Huels
500,Lorna_Ritchie81
501,Hailie_Kilback
502,Merlin83
503,Kobe_Krajcik
504,Josefina.Wiza83
505,Sarai.Leuschke15
506,Kale_Rolfson42
507,Francisca63
508,Raheem65
509,Emilie80
510,Dock85
511,Maximillian21
512,Kiarra62
513,Rico_Luettgen2
514,Antwan_Nicolas33
515,Leslie.Metz20
516,Ross.Leffler52
517,Ruth.Rippin59
518,Stacey31
519,Freda_Sauer31
520,Camden_McGlynn
521,Cristobal74
522,Cielo.Wintheiser23
523,Chris4
524,Bartholome_Rice
525,Adaline0
526,Bridie.Renner
527,Evelyn9
528,Kristoffer.Stokes14
529,Cordie.Koss
530,Henderson92
531,Ulises67
532,Dudley9
533,Treva.Turcotte
534,Ona_OReilly
535,Guillermo.Kshlerin-Williamson58
536,Josephine.Abbott5
537,Araceli.Rolfson
538,Paris_Beier
539,Noah_Satterfield
540,Ivory79
541,Elliott_Jones70
542,Jedidiah.Reilly43
543,Ashly_Johnson18
544,Whitney.Turcotte
545,Merle_Heathcote
546,Krystal_Miller
547,Elvera15
548,Randall92
549,Orville_Orn4
550,Curtis_Paucek12
551,Fermin_Koelpin
552,Major_Huel72
553,Daija22
554,Miguel.Hilll63
555,Leonardo_Fritsch
556,Arvel_Stokes
557,Luther.Adams-Walter65
558,Vida_Tremblay-Kautzer84
559,Zakary.Howe
560,Leopoldo.Braun-Auer
561,Willis_Dickinson4
562,Leif9
563,Velma.Block
564,Kyra.Schultz97
565,Rudolph.OHara-Gleason38
566,Orlando51
567,Howell.Lueilwitz
568,Fidel63
569,Reese.Nienow
570,Ottilie.Padberg
571,Duncan65
572,Delpha68
573,Grace_Nolan68
574,Abelardo.Howe38
575,Belle17
576,Melvin.Okuneva
577,Berry96
578,Guido_Ortiz66
579,Jade_Morissette16
580,Laurine_Morissette93
581,Bettie20
582,Kitty98
583,Darwin.Emard68
584,Cassandra.Adams
585,Jimmie32
586,Jonas_Ankunding
587,Allan97
588,Maverick.Bergnaum
589,Angie.Streich90
590,Buddy_Reilly-Schultz
591,Ibrahim88
592,Dannie_Volkman
593,Aylin_Schuppe96
594,Emmy85
595,Cortez.Johnston
596,Sydni27
597,Godfrey.Rippin
598,Kiley_Grimes86
599,Oswald_Lindgren56
600,Jettie.Walter-Cummings88
601,Linda_Stamm31
602,Jesse.Miller
603,Marilie_Willms
604,Flossie.Dickinson
605,Zoie28
606,Marques.Bernhard
607,Khalil.Farrell
608,Callie.Flatley
609,Adella17
610,Guillermo.Boehm
611,Myron.Glover
612,Merritt86
613,Bernita_Trantow
614,Roman26
615,Ivory.Dare76
616,Korey_Wiegand
617,Reanna_Stokes48
618,Josie18
619,Ivy.Emmerich25
620,Marvin_Hauck79
621,Julius97
622,Simone_Schultz
623,Maxwell56
624,Romaine_Hilpert36
625,Eriberto_Kohler
626,Jason.Reynolds41
627,Loyal.Weimann5
628,Reymundo56
629,Kevon87
630,Raphael_Schmeler
631,Juliet_Spinka92
632,Etha.Howe54
633,Maureen.Pfeffer
634,Danny.Quigley85
635,Jaclyn_Trantow
636,Hattie_Kunde99
637,Ladarius.Rippin
638,Aliya21
639,Herta.Lind
640,Tanner51
641,Efren_Labadie-Runolfsson80
642,Jerel14
643,Chyna15
644,Rodolfo_MacGyver18
645,Agnes.Ankunding
646,Brook_Larkin
647,Elliott29
648,Alvena.Conroy-Tromp
649,Dane_Hintz78
650,Terrell.Runte
651,Alayna_Walsh-Lehner
652,Kolby_Reichert85
653,Katrina_Paucek
654,Barton.Feil88
655,Deion56
656,Destinee.Rogahn
657,Reilly_Luettgen
658,Ansel.Watsica69
659,Sandra_Macejkovic94
660,Jovan.Hahn70
661,Gregg_Schumm
662,Junius_Schneider-Murphy5
663,Cameron_Turcotte96
664,Fredy.McCullough39
665,Vanessa88
666,Gaetano27
667,Otho_Huels-OConnell75
668,Bella_Fisher
669,Briana56
670,America_Considine44
671,Meaghan_Cremin
672,Suzanne_Von
673,Will.Pouros88
674,Olga_Cole
675,Maverick_Olson19
676,Cleo21
677,Florian_Hintz
678,Dandre87
679,Delores.Howe20
680,Robbie_Labadie
681,Stone_Koelpin21
682,Salvatore_Wisozk-Kautzer
683,Fidel44
684,Casey_Dietrich83
685,Jules.Lind75
686,Scarlett_Rice56
687,Sam95
688,Jeanne_Bailey
689,Joshua56
690,Lawrence47
691,Lucy_DuBuque
692,Timothy_Auer62
693,Hank_Kling53
694,Marisol_Farrell29
695,Leslie22
696,Fidel69
697,Rodger_Carter16
698,Missouri_Schmidt5
699,Geovanny40
700,Dahlia.Homenick51
701,Shanny.Littel6
702,Corene_Abbott71
703,Therese_Gerlach60
704,Reinhold.Schoen
705,Francis.Baumbach
706,Eunice.Kertzmann45
707,Cortez.Lakin
708,Greyson33
709,Verner.Skiles
710,Hayden.Kohler21
711,Baby_Goodwin24
712,Ollie.Steuber
713,Helen_Dach
714,Mohammad_Tillman
715,Rene41
716,Laron_McCullough
717,Mark.Blanda-Pfannerstill
718,Darien58
719,Lorena2
720,Gene.Koss42
721,Bill.Roberts15
722,Jayson.Ernser-Doyle48
723,Nakia_Langosh
724,Audra.Wunsch
725,Edwardo_Von
726,Nelle93
727,Nella25
728,Kane13
729,Joelle.Connelly
730,Ismael_Keebler36
731,Imogene_Little37
732,Yessenia.Mitchell26
733,Karlee_Jacobs16
734,Cortez18
735,Alessia_Langosh8
736,Melba_McClure41
737,Cesar.Russel48
738,Norene.Mayert-Davis15
739,Aida16
740,Estrella_Torp
741,Dewitt.Kuhic
742,Lenore_Turcotte81
743,Ramona_Reichel8
744,Violet35
745,Antonio_Cartwright
746,Sammie_Harris
747,Macy58
748,Claudia.Padberg
749,Colton.Zemlak-Thompson1
750,Nora.Cormier
751,Michale_Stanton21
752,Charles.Heller
753,Raymond22
754,Blaze_Gerlach
755,Vicky_MacGyver34
756,Nova_Bednar45
757,Marta.Haley95
758,Aracely65
759,Fae.Lynch
760,Donnell.Marvin
761,Fredrick40
762,Lucinda.Lubowitz
763,Columbus.Kiehn
764,Lia_Russel76
765,Gracie_Harvey65
766,Tamia.Kilback
767,Charlie_Fritsch30
768,Audie88
769,Loyce_Hintz
770,Frances9
771,Ciara_Graham80
772,Guillermo.Prohaska
773,Ken_Zieme
774,Amie_Kshlerin69
775,Eddie.Labadie85
776,Weldon94
777,Mariano.Kling
778,Sedrick.Kautzer6
779,Zachary_Leuschke77
780,Fae.Crona13
781,Keshawn.Wiegand71
782,Reece_Lebsack14
783,Korey_Will
784,Kaelyn_Kuvalis
785,Leonora89
786,Ramon34
787,Spencer.Schmitt98
788,Shad.Stokes
789,Vickie_Keeling64
790,Jeramy.Kunze13
791,Marguerite.McKenzie
792,Berry75
793,Jamar_Wolff
794,Zachery.Fritsch92
795,Estevan.Baumbach
796,Dena_Farrell
797,Wilfredo39
798,Zoie.Wunsch74
799,Werner99
800,Daphney_Parisian
801,Brando_Kuhlman
802,Abigale96
803,Brooks20
804,Nathanael_Smitham59
805,Aidan.Armstrong
806,Kelton53
807,Amir44
808,Melyssa_Haag29
809,Fay_King
810,Jesse_Schmitt18
811,Dolly65
812,Ethan_Hayes71
813,Helena13
814,Chesley_Greenfelder54
815,Bart.Dibbert
816,Kristofer_Donnelly
817,Nathan_Marquardt
818,Eliseo_Howell56
819,Evie73
820,Brando5
821,Shirley90
822,Loy34
823,Annie74
824,Jaime_Gulgowski-Greenfelder
825,Randal_Grady
826,Chance34
827,Harrison_Mosciski
828,Earl20
829,Jaime7
830,Hilda.Legros37
831,Travis.Kling19
832,Emie_Wisozk92
833,Wellington_Will77
834,Lincoln.Brown
835,Gregorio_Towne
836,Ewald_Skiles
837,Delilah.Leuschke41
838,Jacquelyn_Weimann
839,Tyrell54
840,Darien_McClure78
841,Alessia_Davis
842,Rudolph_Aufderhar61
843,Nico.Hackett74
844,Birdie_Prosacco
845,Makayla.Koelpin-Green
846,Sherman.Waters30
847,Keaton.Rodriguez48
848,Ophelia.Schneider39
849,Virgie_Howe44
850,Jamal_Batz86
851,Maxine19
852,Luis.Torphy
853,Miller17
854,Eugene.Towne-Gislason
855,Adah_McDermott85
856,Johan_Cronin80
857,Lon90
858,Chelsea_Cormier
859,Ellen_Stehr18
860,Brody_Hills
861,Tiara6
862,Ellis.Kessler
863,Annabell.Lang-Predovic
864,Ruth.Halvorson
865,Nina.Durgan87
866,Mathias61
867,Pansy47
868,Providenci19
869,Cathryn_Ortiz
870,Ramona.Hammes79
871,Thurman.Adams86
872,Mackenzie.Schaefer32
873,Hillary10
874,Jerad_Bernier73
875,Dillan3
876,Linnea.Kautzer-Jast
877,Kari.Ernser61
878,Abdul.DAmore90
879,Otilia36
880,Stephany63
881,Gonzalo_Stehr
882,Zachariah70
883,Caleigh.Muller-Franecki31
884,Moriah91
885,Jayce55
886,Orlando.Mertz-Gottlieb20
887,Roberta_Dickens7
888,Johann21
889,Oswald_McKenzie
890,Jermey.Murphy
891,Rafaela_Sporer87
892,Renee1
893,Mia53
894,Melvina_Vandervort89
895,Jaquelin29
896,Jalon93
897,Joshua.Hagenes6
898,Iva.Kulas97
899,Fernando43
900,Ruth85
901,Ben_Graham
902,Rosanna.Turner
903,Breanne_Shanahan
904,Rafael.Koelpin40
905,Erling_Walsh79
906,Sarina7
907,Charlotte.Considine20
908,Lois9
909,Marco_Miller
910,Adolf.Hudson85
911,Schuyler_Carter
912,Derick_Lesch45
913,Merritt19
914,Michaela73
915,Randall.Schuppe6
916,Cyril16
917,Hester78
918,Gail_Reichel
919,Jerald.Bashirian
920,Leone.Russel
921,Valentina.Botsford
922,Marlin_Wyman
923,Cathryn_Bradtke
924,Gussie.Frami
925,Ines.Smitham0
926,Brayan_Wehner51
927,Tommie30
928,Adelia71
929,Guy.Reynolds
930,Freddy_Sipes19
931,Stewart.Stehr
932,Kirstin.Bartell
933,Billy.Roob
934,Charles_Anderson-Wintheiser
935,Mckenzie61
936,Verlie.Stiedemann
937,Rhett.Rutherford81
938,Woodrow52
939,Merritt14
940,Brisa91
941,Jerald12
942,Elta_Wilkinson-Mohr
943,Haley_Cummings58
944,Yessenia.Bednar74
945,Tracy.Batz
946,Florine.Bartell
947,Chase_Johnson
948,Darien.Lemke88
949,Americo.Mayert
950,Camilla_Ryan
951,Arturo_Altenwerth
952,Dolores.Cassin51
953,Sharon.Doyle
954,Javonte23
955,Devante_Batz71
956,Maximus44
957,Wiley.Shields32
958,Dewitt_Simonis
959,Yoshiko86
960,Amara_Wisozk
961,Grant_Koepp
962,Oswald27
963,Jesus.Huel
964,Ryleigh67
965,Geovany_Fritsch
966,Zane_Pouros
967,Mariana.Mante-Rutherford
968,Conor_Kessler16
969,Arvid_Leuschke
970,Issac14
971,Guillermo56
972,Frieda29
973,Gene63
974,Cayla.Cormier71
975,Tyrell.Weber37
976,Braxton_Pagac
977,Leopold4
978,Hollie0
979,Salvatore_Collins48
980,Scot.Herman
981,Lela.Gleason93
982,Keira_Flatley88
983,Aliza79
984,Millie.Witting
985,Wava.Waters65
986,Casey.Marquardt-Nitzsche
987,Erwin_Torphy
988,Conrad_Wunsch
989,Anita9
990,Jerel26
991,Valerie39
992,Allene_Shanahan
993,Angela_Koss
994,Evans.Rohan57
995,Yasmine68
996,Alberto91
997,Mallory_Olson75
998,Grover.Kautzer5
999,Adrienne_Beier
1000,Karlee_Ullrich